<?xml version="1.0" ?><job><property name="user.input.dir"><string>C:\Users\jswmic3\Documents\DITAProject\topics</string></property><property name="plugin.com.oxygenxml.webhelp.common.dir"><string>plugins/com.oxygenxml.webhelp.common</string></property><property name="transtypes"><string>pdf;pdf2;docx;metrics-report;webhelp-responsive;exportmap;merged;pdf-css;pdf-css-html5;html5;webhelp;webhelp-feedback;webhelpCommons;webhelp-responsive-preprocess2;tocjs;xhtml;eclipsehelp;htmlhelp;javahelp;dita;troff;indesign;epub;html2;json;kindle;word2dita;markdown;markdown_github;markdown_gitbook</string></property><property name="plugin.org.dita4publishers.common.html.dir"><string>plugins/org.dita4publishers.common.html</string></property><property name="parser.md"><string>com.elovirta.dita.markdown.MarkdownReader</string></property><property name="plugin.org.dita.specialization.dita11.dir"><string>plugins/org.dita.specialization.dita11</string></property><property name="crawl"><string>topic</string></property><property name="plugin.com.oxygenxml.pdf.custom.dir"><string>plugins/com.oxygenxml.pdf.custom</string></property><property name="plugin.com.oxygenxml.image.float.dir"><string>plugins/com.oxygenxml.image.float</string></property><property name="parser.hdita"><string>com.elovirta.dita.html.HtmlReader</string></property><property name="cli.color"><string>true</string></property><property name="user.input.file"><string>dita_project_2___michael_sweeney.ditamap</string></property><property name="plugin.org.dita-community.common.mapdriven.dir"><string>plugins/org.dita-community.common.mapdriven</string></property><property name="plugin.org.dita.pdf2.dir"><string>plugins/org.dita.pdf2</string></property><property name="print_transtypes"><string>pdf-css-html5;pdf;pdf2;pdf-css;docx</string></property><property name="onlytopicinmap"><string>false</string></property><property name="supported_resource_extensions"><string>.pdf;.swf</string></property><property name="plugin.org.dita.xhtml.dir"><string>plugins/org.dita.xhtml</string></property><property name="plugin.org.dita-community.dita13.html.dir"><string>plugins/org.dita-community.dita13.html</string></property><property name="plugin.com.oxygenxml.common.dir"><string>plugins/com.oxygenxml.common</string></property><property name="plugin.org.dita.javahelp.dir"><string>plugins/org.dita.javahelp</string></property><property name="plugin.com.oxygenxml.pdf.review.dir"><string>plugins/com.oxygenxml.pdf.review</string></property><property name="plugin.com.elovirta.ooxml.dir"><string>plugins/com.elovirta.ooxml</string></property><property name="relflagimagelist"><string></string></property><property name="plugin.org.dita-community.preprocess-extensions.dir"><string>plugins/org.dita-community.preprocess-extensions</string></property><property name="supported_html_extensions"><string>.html;.htm</string></property><property name="plugin.order"><string>org.dita.base org.oasis-open.dita.v1_3 org.oasis-open.dita.v1_2</string></property><property name="plugin.com.oxygenxml.html.custom.dir"><string>plugins/com.oxygenxml.html.custom</string></property><property name="otrelease"><string>3.3</string></property><property name="supported_image_extensions"><string>.gif;.svg;.bmp;.jpg;.tif;.mml;.mathml;.eps;.jpeg;.png;.tiff</string></property><property name="plugin.com.oxygenxml.pdf.css.dir"><string>plugins/com.oxygenxml.pdf.css</string></property><property name="InputMapDir"><string>C:\Users\jswmic3\Documents\DITAProject\topics\dita_project_2___michael_sweeney.ditamap</string></property><property name="plugin.com.oxygenxml.dita.metrics.report.dir"><string>plugins/com.oxygenxml.dita.metrics.report</string></property><property name="plugin.org.dita.troff.dir"><string>plugins/org.dita.troff</string></property><property name="plugin.com.sophos.tocjs.dir"><string>plugins/com.sophos.tocjs</string></property><property name="org.dita.pdf2.i18n.enabled"><string>true</string></property><property name="plugin.com.oxygenxml.webhelp.classic.dir"><string>plugins/com.oxygenxml.webhelp.classic</string></property><property name="user.input.dir.uri"><string>file:/C:/Users/jswmic3/Documents/DITAProject/topics/</string></property><property name="plugin.org.dita.html5.dir"><string>plugins/org.dita.html5</string></property><property name="generatecopyouter"><string>NOT_GENERATEOUTTER</string></property><property name="default.cascade"><string>merge</string></property><property name="plugin.org.dita.eclipsehelp.dir"><string>plugins/org.dita.eclipsehelp</string></property><property name="plugin.org.dita-community.adjust-copy-to.dir"><string>plugins/org.dita-community.adjust-copy-to</string></property><property name="plugin.org.oasis-open.xdita.v0_2_2.dir"><string>plugins/org.oasis-open.xdita.v0_2_2</string></property><property name="outputdir"><string>C:\Users\jswmic3\Documents\DITAProject\topics\out\pdf-css-html5</string></property><property name="plugin.org.dita.htmlhelp.dir"><string>plugins/org.dita.htmlhelp</string></property><property name="temp-file-name-scheme"><string>org.dita.dost.module.GenMapAndTopicListModule$DefaultTempFileScheme</string></property><property name="plugin.org.dita.base.dir"><string>plugins/org.dita.base</string></property><property name="plugin.org.dita4publishers.html2.dir"><string>plugins/org.dita4publishers.html2</string></property><property name="plugin.com.oxygenxml.editlink.dir"><string>plugins/com.oxygenxml.editlink</string></property><property name="plugindirs"><string>plugins;demo</string></property><property name="parser.mdita"><string>com.elovirta.dita.markdown.MDitaReader</string></property><property name="user.input.file.listfile"><string>usr.input.file.list</string></property><property name="plugin.org.dita4publishers.json.dir"><string>plugins/org.dita4publishers.json</string></property><property name="outercontrol"><string>WARN</string></property><property name="plugin.org.dita4publishers.common.mapdriven.dir"><string>plugins/org.dita4publishers.common.mapdriven</string></property><property name="plugin.ignores"><string></string></property><property name="relflagimagefile"><string>relflagimage.list</string></property><property name="plugin.org.dita-community.common.xslt.dir"><string>plugins/org.dita-community.common.xslt</string></property><property name="user.input.file.uri"><string>dita_project_2___michael_sweeney.ditamap</string></property><property name="plugin.com.oxygenxml.highlight.dir"><string>plugins/com.oxygenxml.highlight</string></property><property name="plugin.org.dita4publishers.dita2indesign.dir"><string>plugins/org.dita4publishers.dita2indesign</string></property><property name="plugin.org.dita4publishers.epub.dir"><string>plugins/org.dita4publishers.epub</string></property><property name="plugin.org.dita-community.dita13.pdf.dir"><string>plugins/org.dita-community.dita13.pdf</string></property><property name="plugin.com.oxygenxml.dost.patches.dir"><string>plugins/com.oxygenxml.dost.patches</string></property><property name="plugin.com.oxygenxml.dita-ot.plugin.mathml.dir"><string>plugins/mathml</string></property><property name="registry"><string>https://plugins.dita-ot.org/</string></property><property name="plugin.org.dita.pdf2.axf.dir"><string>plugins/org.dita.pdf2.axf</string></property><property name="plugin.org.dita.normalize.dir"><string>plugins/org.dita.normalize</string></property><property name="plugin.org.oasis-open.dita.v1_2.dir"><string>plugins/org.oasis-open.dita.v1_2</string></property><property name="InputMapDir.uri"><string>file:/C:/Users/jswmic3/Documents/DITAProject/topics/dita_project_2___michael_sweeney.ditamap</string></property><property name="plugin.com.oxygenxml.copy.resources.dir"><string>plugins/com.oxygenxml.copy.resources</string></property><property name="plugin.com.oxygenxml.export.map.dir"><string>plugins/com.oxygenxml.export.map</string></property><property name="plugin.com.oxygenxml.html.embed.dir"><string>plugins/com.oxygenxml.html.embed</string></property><property name="plugin.org.dita4publishers.word2dita.dir"><string>plugins/org.dita4publishers.word2dita</string></property><property name="plugin.org.dita4publishers.common.xslt.dir"><string>plugins/org.dita4publishers.common.xslt</string></property><property name="plugin.org.dita.pdf2.fop.dir"><string>plugins/org.dita.pdf2.fop</string></property><property name="plugin.org.lwdita.dir"><string>plugins/org.lwdita</string></property><property name="plugin.com.oxygenxml.media.dir"><string>plugins/com.oxygenxml.media</string></property><property name="plugin.org.dita.pdf2.xep.dir"><string>plugins/org.dita.pdf2.xep</string></property><property name="tempdirToinputmapdir.relative.value"><string></string></property><property name="plugin.org.dita4publishers.kindle.dir"><string>plugins/org.dita4publishers.kindle</string></property><property name="plugin.com.oxygenxml.webhelp.responsive.dir"><string>plugins/com.oxygenxml.webhelp.responsive</string></property><property name="otversion"><string>3.3.1</string></property><property name="plugin.org.oasis-open.dita.v1_3.dir"><string>plugins/org.oasis-open.dita.v1_3</string></property><property name="plugin.com.oxygenxml.merged.dir"><string>plugins/com.oxygenxml.merged</string></property><property name="parser.markdown"><string>com.elovirta.dita.markdown.MarkdownReader</string></property><property name="uplevels"><string></string></property><files><file src="file:/C:/Users/jswmic3/Documents/DITAProject/topics/default_open_ports_on_the_ibm_storediq_data_server.dita" uri="default_open_ports_on_the_ibm_storediq_data_server.dita" path="default_open_ports_on_the_ibm_storediq_data_server.dita" result="file:/C:/Users/jswmic3/Documents/DITAProject/topics/default_open_ports_on_the_ibm_storediq_data_server.dita" format="dita" target="true"></file><file src="file:/C:/Users/jswmic3/Documents/DITAProject/topics/secure_communication_and_encryption_of_data_in_motion.dita" uri="secure_communication_and_encryption_of_data_in_motion.dita" path="secure_communication_and_encryption_of_data_in_motion.dita" result="file:/C:/Users/jswmic3/Documents/DITAProject/topics/secure_communication_and_encryption_of_data_in_motion.dita" format="dita" target="true"></file><file src="file:/C:/Users/jswmic3/Documents/DITAProject/topics/contacting_ibm.dita" uri="contacting_ibm.dita" path="contacting_ibm.dita" result="file:/C:/Users/jswmic3/Documents/DITAProject/topics/contacting_ibm.dita" format="dita" target="true"></file><file src="file:/C:/Users/jswmic3/Documents/DITAProject/topics/contacting_ibm_storediq_customer_support_0.dita" uri="contacting_ibm_storediq_customer_support_0.dita" path="contacting_ibm_storediq_customer_support_0.dita" result="file:/C:/Users/jswmic3/Documents/DITAProject/topics/contacting_ibm_storediq_customer_support_0.dita" format="dita" target="true"></file><file src="file:/C:/Users/jswmic3/Documents/DITAProject/topics/default_open_ports_on_the_nodes_in_the_elasticsearch_cluster.dita" uri="default_open_ports_on_the_nodes_in_the_elasticsearch_cluster.dita" path="default_open_ports_on_the_nodes_in_the_elasticsearch_cluster.dita" result="file:/C:/Users/jswmic3/Documents/DITAProject/topics/default_open_ports_on_the_nodes_in_the_elasticsearch_cluster.dita" format="dita" target="true"></file><file src="file:/C:/Users/jswmic3/Documents/DITAProject/topics/tcp__port_ranges_for_the_firewall.dita" uri="tcp__port_ranges_for_the_firewall.dita" path="tcp__port_ranges_for_the_firewall.dita" result="file:/C:/Users/jswmic3/Documents/DITAProject/topics/tcp__port_ranges_for_the_firewall.dita" format="dita" target="true"></file><file src="file:/C:/Users/jswmic3/Documents/DITAProject/topics/application_stack.dita" uri="application_stack.dita" path="application_stack.dita" result="file:/C:/Users/jswmic3/Documents/DITAProject/topics/application_stack.dita" format="dita" target="true"></file><file src="file:/C:/Users/jswmic3/Documents/DITAProject/topics/e__service_name.dita" uri="e__service_name.dita" path="e__service_name.dita" result="file:/C:/Users/jswmic3/Documents/DITAProject/topics/e__service_name.dita" format="dita" target="true"></file><file src="file:/C:/Users/jswmic3/Documents/DITAProject/topics/default_user_accounts.dita" uri="default_user_accounts.dita" path="default_user_accounts.dita" result="file:/C:/Users/jswmic3/Documents/DITAProject/topics/default_user_accounts.dita" format="dita" target="true"></file><file src="file:/C:/Users/jswmic3/Documents/DITAProject/topics/images.dita" uri="images.dita" path="images.dita" result="file:/C:/Users/jswmic3/Documents/DITAProject/topics/images.dita" format="dita" target="true"></file><file src="file:/C:/Users/jswmic3/Documents/DITAProject/topics/access_control.dita" uri="access_control.dita" path="access_control.dita" result="file:/C:/Users/jswmic3/Documents/DITAProject/topics/access_control.dita" format="dita" target="true"></file><file src="file:/C:/Users/jswmic3/Documents/DITAProject/topics/default_open_ports_on_the_ibm_storediq_gateway.dita" uri="default_open_ports_on_the_ibm_storediq_gateway.dita" path="default_open_ports_on_the_ibm_storediq_gateway.dita" result="file:/C:/Users/jswmic3/Documents/DITAProject/topics/default_open_ports_on_the_ibm_storediq_gateway.dita" format="dita" target="true"></file><file src="file:/C:/Users/jswmic3/Documents/DITAProject/topics/end_of_service.dita" uri="end_of_service.dita" path="end_of_service.dita" result="file:/C:/Users/jswmic3/Documents/DITAProject/topics/end_of_service.dita" format="dita" target="true"></file><file src="file:/C:/Users/jswmic3/Documents/DITAProject/topics/ibm_storediq_policy_manager.dita" uri="ibm_storediq_policy_manager.dita" path="ibm_storediq_policy_manager.dita" result="file:/C:/Users/jswmic3/Documents/DITAProject/topics/ibm_storediq_policy_manager.dita" format="dita" has-keyref="true" target="true"></file><file src="file:/C:/Users/jswmic3/Documents/DITAProject/topics/supported_chain_and_rules_on_the_ibm_storediq_gateway.dita" uri="supported_chain_and_rules_on_the_ibm_storediq_gateway.dita" path="supported_chain_and_rules_on_the_ibm_storediq_gateway.dita" result="file:/C:/Users/jswmic3/Documents/DITAProject/topics/supported_chain_and_rules_on_the_ibm_storediq_gateway.dita" format="dita" target="true"></file><file src="file:/C:/Users/jswmic3/Documents/DITAProject/topics/license_usage_metrics.dita" uri="license_usage_metrics.dita" path="license_usage_metrics.dita" result="file:/C:/Users/jswmic3/Documents/DITAProject/topics/license_usage_metrics.dita" format="dita" target="true"></file><file src="file:/C:/Users/jswmic3/Documents/DITAProject/topics/images/ibm1.PNG" uri="images/ibm1.PNG" path="images\ibm1.PNG" result="file:/C:/Users/jswmic3/Documents/DITAProject/topics/images/ibm1.PNG" format="png" resource-only="true"></file><file src="file:/C:/Users/jswmic3/Documents/DITAProject/topics/dataserver___classic.dita" uri="dataserver___classic.dita" path="dataserver___classic.dita" result="file:/C:/Users/jswmic3/Documents/DITAProject/topics/dataserver___classic.dita" format="dita" target="true"></file><file src="file:/C:/Users/jswmic3/Documents/DITAProject/topics/stack_provisioning_prerequisites.dita" uri="stack_provisioning_prerequisites.dita" path="stack_provisioning_prerequisites.dita" result="file:/C:/Users/jswmic3/Documents/DITAProject/topics/stack_provisioning_prerequisites.dita" format="dita" target="true"></file><file src="file:/C:/Users/jswmic3/Documents/DITAProject/topics/ibm_storediq_data_server.dita" uri="ibm_storediq_data_server.dita" path="ibm_storediq_data_server.dita" result="file:/C:/Users/jswmic3/Documents/DITAProject/topics/ibm_storediq_data_server.dita" format="dita" has-keyref="true" target="true"></file><file src="file:/C:/Users/jswmic3/Documents/DITAProject/topics/detailed_system_requirements.dita" uri="detailed_system_requirements.dita" path="detailed_system_requirements.dita" result="file:/C:/Users/jswmic3/Documents/DITAProject/topics/detailed_system_requirements.dita" format="dita" target="true"></file><file src="file:/C:/Users/jswmic3/Documents/DITAProject/topics/siqadmin_account_on_the_appstack.dita" uri="siqadmin_account_on_the_appstack.dita" path="siqadmin_account_on_the_appstack.dita" result="file:/C:/Users/jswmic3/Documents/DITAProject/topics/siqadmin_account_on_the_appstack.dita" format="dita" target="true"></file><file src="file:/C:/Users/jswmic3/Documents/DITAProject/topics/solution_components.dita" uri="solution_components.dita" path="solution_components.dita" result="file:/C:/Users/jswmic3/Documents/DITAProject/topics/solution_components.dita" format="dita" has-keyref="true" has-conref="true" target="true"></file><file src="file:/C:/Users/jswmic3/Documents/DITAProject/topics/cover_page.dita" uri="cover_page.dita" path="cover_page.dita" result="file:/C:/Users/jswmic3/Documents/DITAProject/topics/cover_page.dita" format="dita" target="true"></file><file src="file:/C:/Users/jswmic3/Documents/DITAProject/topics/default_open_ports_on_the_appstack.dita" uri="default_open_ports_on_the_appstack.dita" path="default_open_ports_on_the_appstack.dita" result="file:/C:/Users/jswmic3/Documents/DITAProject/topics/default_open_ports_on_the_appstack.dita" format="dita" target="true"></file><file src="file:/C:/Users/jswmic3/Documents/DITAProject/topics/environment_sizing_guidelines.dita" uri="environment_sizing_guidelines.dita" path="environment_sizing_guidelines.dita" result="file:/C:/Users/jswmic3/Documents/DITAProject/topics/environment_sizing_guidelines.dita" format="dita" target="true"></file><file src="file:/C:/Users/jswmic3/Documents/DITAProject/topics/images/ibm3.PNG" uri="images/ibm3.PNG" path="images\ibm3.PNG" result="file:/C:/Users/jswmic3/Documents/DITAProject/topics/images/ibm3.PNG" format="png" resource-only="true"></file><file src="file:/C:/Users/jswmic3/Documents/DITAProject/topics/vmware_requirements.dita" uri="vmware_requirements.dita" path="vmware_requirements.dita" result="file:/C:/Users/jswmic3/Documents/DITAProject/topics/vmware_requirements.dita" format="dita" target="true"></file><file src="file:/C:/Users/jswmic3/Documents/DITAProject/topics/about_this_publication.dita" uri="about_this_publication.dita" path="about_this_publication.dita" result="file:/C:/Users/jswmic3/Documents/DITAProject/topics/about_this_publication.dita" format="dita" target="true"></file><file src="file:/C:/Users/jswmic3/Documents/DITAProject/topics/d_port_number__port_range.dita" uri="d_port_number__port_range.dita" path="d_port_number__port_range.dita" result="file:/C:/Users/jswmic3/Documents/DITAProject/topics/d_port_number__port_range.dita" format="dita" target="true"></file><file src="file:/C:/Users/jswmic3/Documents/DITAProject/topics/ibm_storediq_product_library.dita" uri="ibm_storediq_product_library.dita" path="ibm_storediq_product_library.dita" result="file:/C:/Users/jswmic3/Documents/DITAProject/topics/ibm_storediq_product_library.dita" format="dita" target="true"></file><file src="file:/C:/Users/jswmic3/Documents/DITAProject/topics/s.dita" uri="s.dita" path="s.dita" result="file:/C:/Users/jswmic3/Documents/DITAProject/topics/s.dita" format="dita" target="true"></file><file src="file:/C:/Users/jswmic3/Documents/DITAProject/topics/images/ibm2.PNG" uri="images/ibm2.PNG" path="images\ibm2.PNG" result="file:/C:/Users/jswmic3/Documents/DITAProject/topics/images/ibm2.PNG" format="png" resource-only="true"></file><file src="file:/C:/Users/jswmic3/Documents/DITAProject/topics/root_and_builder_accounts_on_the_elasticsearch_cluster_nodes.dita" uri="root_and_builder_accounts_on_the_elasticsearch_cluster_nodes.dita" path="root_and_builder_accounts_on_the_elasticsearch_cluster_nodes.dita" result="file:/C:/Users/jswmic3/Documents/DITAProject/topics/root_and_builder_accounts_on_the_elasticsearch_cluster_nodes.dita" format="dita" target="true"></file><file src="file:/C:/Users/jswmic3/Documents/DITAProject/topics/open_virtual_appliance__ova__configuration_requirements.dita" uri="open_virtual_appliance__ova__configuration_requirements.dita" path="open_virtual_appliance__ova__configuration_requirements.dita" result="file:/C:/Users/jswmic3/Documents/DITAProject/topics/open_virtual_appliance__ova__configuration_requirements.dita" format="dita" target="true"></file><file src="file:/C:/Users/jswmic3/Documents/DITAProject/topics/dita_project_2___michael_sweeney.ditamap" uri="dita_project_2___michael_sweeney.ditamap" path="dita_project_2___michael_sweeney.ditamap" result="file:/C:/Users/jswmic3/Documents/DITAProject/topics/dita_project_2___michael_sweeney.ditamap" format="ditamap" input="true"></file><file src="file:/C:/Users/jswmic3/Documents/DITAProject/topics/deploying_ibm_storediq.dita" uri="deploying_ibm_storediq.dita" path="deploying_ibm_storediq.dita" result="file:/C:/Users/jswmic3/Documents/DITAProject/topics/deploying_ibm_storediq.dita" format="dita" target="true"></file><file src="file:/C:/Users/jswmic3/Documents/DITAProject/topics/ssh_port_22.dita" uri="ssh_port_22.dita" path="ssh_port_22.dita" result="file:/C:/Users/jswmic3/Documents/DITAProject/topics/ssh_port_22.dita" format="dita" target="true"></file><file src="file:/C:/Users/jswmic3/Documents/DITAProject/topics/ibm_storediq_administrator.dita" uri="ibm_storediq_administrator.dita" path="ibm_storediq_administrator.dita" result="file:/C:/Users/jswmic3/Documents/DITAProject/topics/ibm_storediq_administrator.dita" format="dita" has-keyref="true" has-conref="true" target="true"></file><file src="file:/C:/Users/jswmic3/Documents/DITAProject/topics/xrefs.dita" uri="xrefs.dita" path="xrefs.dita" result="file:/C:/Users/jswmic3/Documents/DITAProject/topics/xrefs.dita" format="dita" target="true"></file><file src="file:/C:/Users/jswmic3/Documents/DITAProject/topics/deploying_the_virtual_appliances_0.dita" uri="deploying_the_virtual_appliances_0.dita" path="deploying_the_virtual_appliances_0.dita" result="file:/C:/Users/jswmic3/Documents/DITAProject/topics/deploying_the_virtual_appliances_0.dita" format="dita" target="true"></file><file src="file:/C:/Users/jswmic3/Documents/DITAProject/topics/images/ibm5.PNG" uri="images/ibm5.PNG" path="images\ibm5.PNG" result="file:/C:/Users/jswmic3/Documents/DITAProject/topics/images/ibm5.PNG" format="png" resource-only="true"></file><file src="file:/C:/Users/jswmic3/Documents/DITAProject/topics/hardware_requirements.dita" uri="hardware_requirements.dita" path="hardware_requirements.dita" result="file:/C:/Users/jswmic3/Documents/DITAProject/topics/hardware_requirements.dita" format="dita" target="true"></file><file src="file:/C:/Users/jswmic3/Documents/DITAProject/topics/gateway_server.dita" uri="gateway_server.dita" path="gateway_server.dita" result="file:/C:/Users/jswmic3/Documents/DITAProject/topics/gateway_server.dita" format="dita" target="true"></file><file src="file:/C:/Users/jswmic3/Documents/DITAProject/topics/planning_for_deployment.dita" uri="planning_for_deployment.dita" path="planning_for_deployment.dita" result="file:/C:/Users/jswmic3/Documents/DITAProject/topics/planning_for_deployment.dita" format="dita" target="true"></file><file src="file:/C:/Users/jswmic3/Documents/DITAProject/topics/applications_of_ibm_storediq.dita" uri="applications_of_ibm_storediq.dita" path="applications_of_ibm_storediq.dita" result="file:/C:/Users/jswmic3/Documents/DITAProject/topics/applications_of_ibm_storediq.dita" format="dita" target="true"></file><file src="file:/C:/Users/jswmic3/Documents/DITAProject/topics/ibm_storediq_desktop_data_collector.dita" uri="ibm_storediq_desktop_data_collector.dita" path="ibm_storediq_desktop_data_collector.dita" result="file:/C:/Users/jswmic3/Documents/DITAProject/topics/ibm_storediq_desktop_data_collector.dita" format="dita" target="true"></file><file src="file:/C:/Users/jswmic3/Documents/DITAProject/topics/images/ibm4.PNG" uri="images/ibm4.PNG" path="images\ibm4.PNG" result="file:/C:/Users/jswmic3/Documents/DITAProject/topics/images/ibm4.PNG" format="png" resource-only="true"></file><file src="file:/C:/Users/jswmic3/Documents/DITAProject/topics/dataserver___distributed.dita" uri="dataserver___distributed.dita" path="dataserver___distributed.dita" result="file:/C:/Users/jswmic3/Documents/DITAProject/topics/dataserver___distributed.dita" format="dita" target="true"></file><file src="file:/C:/Users/jswmic3/Documents/DITAProject/topics/index_terms.dita" uri="index_terms.dita" path="index_terms.dita" result="file:/C:/Users/jswmic3/Documents/DITAProject/topics/index_terms.dita" format="dita" target="true"></file><file src="file:/C:/Users/jswmic3/Documents/DITAProject/topics/deploying_ibm_storediq_on_microsoft_hyper_v.dita" uri="deploying_ibm_storediq_on_microsoft_hyper_v.dita" path="deploying_ibm_storediq_on_microsoft_hyper_v.dita" result="file:/C:/Users/jswmic3/Documents/DITAProject/topics/deploying_ibm_storediq_on_microsoft_hyper_v.dita" format="dita" target="true"></file><file src="file:/C:/Users/jswmic3/Documents/DITAProject/topics/ibm_storediq_insights.dita" uri="ibm_storediq_insights.dita" path="ibm_storediq_insights.dita" result="file:/C:/Users/jswmic3/Documents/DITAProject/topics/ibm_storediq_insights.dita" format="dita" has-keyref="true" target="true"></file><file src="file:/C:/Users/jswmic3/Documents/DITAProject/topics/encryption_of_data_at_rest.dita" uri="encryption_of_data_at_rest.dita" path="encryption_of_data_at_rest.dita" result="file:/C:/Users/jswmic3/Documents/DITAProject/topics/encryption_of_data_at_rest.dita" format="dita" target="true"></file><file src="file:/C:/Users/jswmic3/Documents/DITAProject/topics/ibm_storediq_components.dita" uri="ibm_storediq_components.dita" path="ibm_storediq_components.dita" result="file:/C:/Users/jswmic3/Documents/DITAProject/topics/ibm_storediq_components.dita" format="dita" has-keyref="true" has-conref="true" target="true"></file><file src="file:/C:/Users/jswmic3/Documents/DITAProject/topics/integration_with_ibm_license_metric_tool.dita" uri="integration_with_ibm_license_metric_tool.dita" path="integration_with_ibm_license_metric_tool.dita" result="file:/C:/Users/jswmic3/Documents/DITAProject/topics/integration_with_ibm_license_metric_tool.dita" format="dita" target="true"></file><file src="file:/C:/Users/jswmic3/Documents/DITAProject/topics/ibm_storediq_data_workbench.dita" uri="ibm_storediq_data_workbench.dita" path="ibm_storediq_data_workbench.dita" result="file:/C:/Users/jswmic3/Documents/DITAProject/topics/ibm_storediq_data_workbench.dita" format="dita" has-keyref="true" target="true"></file><file src="file:/C:/Users/jswmic3/Documents/DITAProject/topics/network_isolation.dita" uri="network_isolation.dita" path="network_isolation.dita" result="file:/C:/Users/jswmic3/Documents/DITAProject/topics/network_isolation.dita" format="dita" target="true"></file><file src="file:/C:/Users/jswmic3/Documents/DITAProject/topics/federal_information_processing_standard__fips.dita" uri="federal_information_processing_standard__fips.dita" path="federal_information_processing_standard__fips.dita" result="file:/C:/Users/jswmic3/Documents/DITAProject/topics/federal_information_processing_standard__fips.dita" format="dita" target="true"></file><file src="file:/C:/Users/jswmic3/Documents/DITAProject/topics/security.dita" uri="security.dita" path="security.dita" result="file:/C:/Users/jswmic3/Documents/DITAProject/topics/security.dita" format="dita" target="true"></file><file src="file:/C:/Users/jswmic3/Documents/DITAProject/topics/open_ports_for_desktop_client_access_to_the_data_server_1.dita" uri="open_ports_for_desktop_client_access_to_the_data_server_1.dita" path="open_ports_for_desktop_client_access_to_the_data_server_1.dita" result="file:/C:/Users/jswmic3/Documents/DITAProject/topics/open_ports_for_desktop_client_access_to_the_data_server_1.dita" format="dita" target="true"></file><file src="file:/C:/Users/jswmic3/Documents/DITAProject/topics/default_open_ports.dita" uri="default_open_ports.dita" path="default_open_ports.dita" result="file:/C:/Users/jswmic3/Documents/DITAProject/topics/default_open_ports.dita" format="dita" target="true"></file><file src="file:/C:/Users/jswmic3/Documents/DITAProject/topics/generate_customized_reports_with_the_spcr_tool.dita" uri="generate_customized_reports_with_the_spcr_tool.dita" path="generate_customized_reports_with_the_spcr_tool.dita" result="file:/C:/Users/jswmic3/Documents/DITAProject/topics/generate_customized_reports_with_the_spcr_tool.dita" format="dita" target="true"></file><file src="file:/C:/Users/jswmic3/Documents/DITAProject/topics/each_elasticsearch_node.dita" uri="each_elasticsearch_node.dita" path="each_elasticsearch_node.dita" result="file:/C:/Users/jswmic3/Documents/DITAProject/topics/each_elasticsearch_node.dita" format="dita" target="true"></file><file src="file:/C:/Users/jswmic3/Documents/DITAProject/topics/network_and_port_requirements.dita" uri="network_and_port_requirements.dita" path="network_and_port_requirements.dita" result="file:/C:/Users/jswmic3/Documents/DITAProject/topics/network_and_port_requirements.dita" format="dita" target="true"></file><file src="file:/C:/Users/jswmic3/Documents/DITAProject/topics/l.dita" uri="l.dita" path="l.dita" result="file:/C:/Users/jswmic3/Documents/DITAProject/topics/l.dita" format="dita" target="true"></file><file src="file:/C:/Users/jswmic3/Documents/DITAProject/topics/d__service_name.dita" uri="d__service_name.dita" path="d__service_name.dita" result="file:/C:/Users/jswmic3/Documents/DITAProject/topics/d__service_name.dita" format="dita" target="true"></file><file src="file:/C:/Users/jswmic3/Documents/DITAProject/topics/enable_or_disable_ports_or_services_on_the_ibm_storediq_data_server.dita" uri="enable_or_disable_ports_or_services_on_the_ibm_storediq_data_server.dita" path="enable_or_disable_ports_or_services_on_the_ibm_storediq_data_server.dita" result="file:/C:/Users/jswmic3/Documents/DITAProject/topics/enable_or_disable_ports_or_services_on_the_ibm_storediq_data_server.dita" format="dita" target="true"></file><file src="file:/C:/Users/jswmic3/Documents/DITAProject/topics/glossary_keyrefs.ditamap" uri="glossary_keyrefs.ditamap" path="glossary_keyrefs.ditamap" result="file:/C:/Users/jswmic3/Documents/DITAProject/topics/glossary_keyrefs.ditamap" format="ditamap"></file></files></job>