<?xml version="1.0" encoding="UTF-8" standalone="no"?><MiramoXML xmlns:miramo="http://ExternalFunction.miramo.com" xmlns:mm="http://www.miramo.com/XSL/Transform" language="usEnglish"><VarDef varDef="lang-appendix">Appendix </VarDef><VarDef varDef="lang-chapter">Chapter </VarDef><VarDef varDef="lang-table">Table </VarDef><VarDef varDef="lang-figure">Figure </VarDef><VarDef varDef="lang-page">page</VarDef><VarDef varDef="lang-onpage"> on page </VarDef><VarDef varDef="lang-index">Index</VarDef><VarDef varDef="lang-contents">Contents</VarDef><VarDef varDef="lang-preface">Preface</VarDef><VarDef varDef="lang-notice">Notice</VarDef><VarDef varDef="lang-related">Related Links</VarDef><VarDef varDef="printDate"><Date dateDef="lmdate"/></VarDef><VarDef varDef="lang-prereq">Before you begin</VarDef><VarDef varDef="lang-postreq">What to do next</VarDef><VarDef varDef="lang-example">Example</VarDef><VarDef varDef="lang-context">About this task</VarDef><VarDef varDef="lang-procedure">Procedure</VarDef><VarDef varDef="lang-procedure-unordered">Procedure</VarDef><VarDef varDef="lang-results">Results</VarDef><TblContinuationDef tblContinuationDef="figure"> (continued)</TblContinuationDef><!--STARTSECTION $outputclass=[]--><!--topic/title parent concept count= outputclass=--><!--STARTSECTION $outputclass=[]--><P paraDef="topic_title"><MkDest id="#enable_or_disable_ports_or_services_on_the_ibm_storediq_data_server"/>Enable or disable ports or services on the IBM StoredIQ data server</P>
        <P paraDef="body">To manage ports, you can use the /usr/local/storediq/bin/util/port_handler.pyc script with
            the appropriate parameter:</P>
        <P paraDef="body"><P paraDef="lines" whiteSpaceCollapse="N">python /usr/local/storediq/bin/util/port_handler.pyc -parameter</P></P>
    </MiramoXML>