<?xml version="1.0" encoding="UTF-8" standalone="no"?><MiramoXML xmlns:miramo="http://ExternalFunction.miramo.com" xmlns:mm="http://www.miramo.com/XSL/Transform" language="usEnglish"><VarDef varDef="lang-appendix">Appendix </VarDef><VarDef varDef="lang-chapter">Chapter </VarDef><VarDef varDef="lang-table">Table </VarDef><VarDef varDef="lang-figure">Figure </VarDef><VarDef varDef="lang-page">page</VarDef><VarDef varDef="lang-onpage"> on page </VarDef><VarDef varDef="lang-index">Index</VarDef><VarDef varDef="lang-contents">Contents</VarDef><VarDef varDef="lang-preface">Preface</VarDef><VarDef varDef="lang-notice">Notice</VarDef><VarDef varDef="lang-related">Related Links</VarDef><VarDef varDef="printDate"><Date dateDef="lmdate"/></VarDef><VarDef varDef="lang-prereq">Before you begin</VarDef><VarDef varDef="lang-postreq">What to do next</VarDef><VarDef varDef="lang-example">Example</VarDef><VarDef varDef="lang-context">About this task</VarDef><VarDef varDef="lang-procedure">Procedure</VarDef><VarDef varDef="lang-procedure-unordered">Procedure</VarDef><VarDef varDef="lang-results">Results</VarDef><TblContinuationDef tblContinuationDef="figure"> (continued)</TblContinuationDef><!--STARTSECTION $outputclass=[]--><!--topic/title parent concept count= outputclass=--><!--STARTSECTION $outputclass=[]--><P paraDef="topic_title"><MkDest id="#license_usage_metrics"/>License usage metrics</P>
        <P paraDef="body">Using the IBM License Metric Tool, you can generate license consumption reports that count IBM
            StoredIQ license usage.</P>
        <P paraDef="body">IBM StoredIQ is licensed by Resource Value Unit (RVU). RVU calculation is based on terabytes IBM
            StoredIQ.</P>
        <P paraDef="body">On the IBM StoredIQ application stack, a license program writes usage information to an IBM Software
            Licence Metric Tag (SLMT) file. This file has the extension .slmtag and can be read periodically by the IBM
            License Metric Tool (ILMT) after it has been configured to scan for these files. You can generate reports
            that summarize usage.</P>
        <P paraDef="body">By default, the license program retrieves the size of the <!--topic/ph hi-d found: [b] id=--><Font fontDef="b">All Data Objects</Font> infoset in terabytes once per day
            and writes this information to the /var/siq/ilmt/3cd1469042433ee7010fe09f661dc67b.slmtag
            file. The .slmtag file can store information up to a maximum file size of 1 MB, after which the file is
            archived and a new log file is created. A maximum of 10 log files are kept.˂</P>
        <P paraDef="body">The .slmtag file contains usage information in the following format, where new metric records are
            appended to the end of the file:</P>
        <P paraDef="lines" whiteSpaceCollapse="N"><br/>            &lt;SchemaVersion&gt;2.1.1&lt;/SchemaVersion&gt;<br/>            &lt;SoftwareIdentity&gt;<br/>                    &lt;PersistentId&gt;cb98e260a2a14872902578de1b8e2016&lt;/PersistentId&gt;<br/>                    &lt;Name&gt;IBM StoredIQ Data Assessment&lt;/Name&gt;<br/>                    &lt;InstanceId&gt;/var/siq/ilmt&lt;/InstanceId&gt;<br/>            &lt;/SoftwareIdentity&gt;<br/>            &lt;Metric logTime="2019-01-25T15:58:26+00:00"&gt;<br/>                    &lt;Type&gt;TERABYTE&lt;/Type&gt;<br/>                    &lt;SubType&gt;All Data Objects&lt;/SubType&gt;<br/>                    &lt;Value&gt;0.005&lt;/Value&gt;<br/>                    &lt;Period&gt;<br/>                            &lt;StartTime&gt;2019-01-25T15:58:26+00:00&lt;/StartTime&gt;<br/>                            &lt;EndTime&gt;2019-01-25T15:58:26+00:00&lt;/EndTime&gt;<br/>                    &lt;/Period&gt;<br/>            &lt;/Metric&gt;</P>
    </MiramoXML>