<?xml version="1.0" encoding="UTF-8" standalone="no"?><MiramoXML xmlns:miramo="http://ExternalFunction.miramo.com" xmlns:mm="http://www.miramo.com/XSL/Transform" language="usEnglish"><VarDef varDef="lang-appendix">Appendix </VarDef><VarDef varDef="lang-chapter">Chapter </VarDef><VarDef varDef="lang-table">Table </VarDef><VarDef varDef="lang-figure">Figure </VarDef><VarDef varDef="lang-page">page</VarDef><VarDef varDef="lang-onpage"> on page </VarDef><VarDef varDef="lang-index">Index</VarDef><VarDef varDef="lang-contents">Contents</VarDef><VarDef varDef="lang-preface">Preface</VarDef><VarDef varDef="lang-notice">Notice</VarDef><VarDef varDef="lang-related">Related Links</VarDef><VarDef varDef="printDate"><Date dateDef="lmdate"/></VarDef><VarDef varDef="lang-prereq">Before you begin</VarDef><VarDef varDef="lang-postreq">What to do next</VarDef><VarDef varDef="lang-example">Example</VarDef><VarDef varDef="lang-context">About this task</VarDef><VarDef varDef="lang-procedure">Procedure</VarDef><VarDef varDef="lang-procedure-unordered">Procedure</VarDef><VarDef varDef="lang-results">Results</VarDef><TblContinuationDef tblContinuationDef="figure"> (continued)</TblContinuationDef><!--STARTSECTION $outputclass=[]--><!--topic/title parent concept count= outputclass=--><!--STARTSECTION $outputclass=[]--><P paraDef="topic_title"><MkDest id="#solution_components"/>Solution components</P><P paraDef="shortdesc"/>
        <P paraDef="body">IBM StoredIQ provides three solution components: the gateway, data servers, and application stack
            (AppStack).</P>
        <P paraDef="body">
            <!--topic/ph hi-d found: [b] id=--><Font fontDef="b">Gateway</Font>
            The gateway communicates between the data servers and the application stack. The application stack
            polls the gateway for information about the data on the data servers. The data servers push the
            information to the gateway.
            <!--topic/ph hi-d found: [b] id=--><Font fontDef="b">Data servers</Font>
            A data server obtains the data from supported data sources and indexes it. By indexing this data, you
            gain information about unstructured data such as ³le size, ³le data types, ³le owners.
            The data server pushes the information about volumes and indexes to the gateway so it can be
            communicated to the application stack. Multiple data servers feed into a single gateway.
            Data servers can be categorized in two types: DataServer - Classic and DataServer - Distributed. A
            data server of the type DataServer - Classic uses the embedded PostgreSQL database for storing the
            index. With a data server of the type DataServer - Distributed, the index is stored in an Elasticsearch
            cluster. Data servers of this type also provide better performance in search queries. They can manage
            much larger amounts of data than data servers of the type DataServer - Classic, thus making the IBM
            StoredIQ deployments more scalable.
            You can have both types of data servers in your IBM StoredIQ deployment.
            In addition to completing standard administrative tasks, administrators can deploy the IBM StoredIQ
            Desktop Data Collector and index desktops from the data server.
            <!--topic/ph hi-d found: [b] id=--><Font fontDef="b">Application stack</Font>
            The application stack provides the user interface for the IBM StoredIQ Administrator, IBM StoredIQ
            Data Workbench, IBM StoredIQ Insights, and the IBM StoredIQ Policy Manager products.
            The synchronization feature for integration with a governance catalog is also part of the application
            stack.
            <!--topic/ph hi-d found: [b] id=--><Font fontDef="b">Elasticsearch cluster</Font>
            The Elasticsearch cluster attached to a data server of the type DataServer - Distributed provides a
            single data store for all metadata and content of harvested objects. Indexed data is distributed
            automatically across the nodes in the cluster. Indexing and queries are load-balanced across all
            nodes. Nodes can be added dynamically without downtime and the indexing process can use these
            newly added nodes without further setup.</P>
    </MiramoXML>