<?xml version="1.0" encoding="UTF-8" standalone="no"?><MiramoXML xmlns:miramo="http://ExternalFunction.miramo.com" xmlns:mm="http://www.miramo.com/XSL/Transform" language="usEnglish"><VarDef varDef="lang-appendix">Appendix </VarDef><VarDef varDef="lang-chapter">Chapter </VarDef><VarDef varDef="lang-table">Table </VarDef><VarDef varDef="lang-figure">Figure </VarDef><VarDef varDef="lang-page">page</VarDef><VarDef varDef="lang-onpage"> on page </VarDef><VarDef varDef="lang-index">Index</VarDef><VarDef varDef="lang-contents">Contents</VarDef><VarDef varDef="lang-preface">Preface</VarDef><VarDef varDef="lang-notice">Notice</VarDef><VarDef varDef="lang-related">Related Links</VarDef><VarDef varDef="printDate"><Date dateDef="lmdate"/></VarDef><VarDef varDef="lang-prereq">Before you begin</VarDef><VarDef varDef="lang-postreq">What to do next</VarDef><VarDef varDef="lang-example">Example</VarDef><VarDef varDef="lang-context">About this task</VarDef><VarDef varDef="lang-procedure">Procedure</VarDef><VarDef varDef="lang-procedure-unordered">Procedure</VarDef><VarDef varDef="lang-results">Results</VarDef><TblContinuationDef tblContinuationDef="figure"> (continued)</TblContinuationDef><!--STARTSECTION $outputclass=[]--><!--topic/title parent concept count= outputclass=--><!--STARTSECTION $outputclass=[]--><P paraDef="topic_title"><MkDest id="#supported_chain_and_rules_on_the_ibm_storediq_gateway"/>Supported chain and rules on the IBM StoredIQ gateway</P>
        <P paraDef="body">In iptables, the following firewall and chain rules are defined:</P>
        <P paraDef="body"><P paraDef="lines" whiteSpaceCollapse="N">'PROD-transport':['5434','8765','7766','11102','11103','11104'],<br/>            'PROD-https':['443'],'PROD-ssh':['22'],<br/>            'PROD-web':['80'],<br/>            'PROD-postgres':[’5432’]</P></P>
        <P paraDef="body"><P paraDef="lines" whiteSpaceCollapse="N">'desktop' service:<br/>            'PROD-broker':['21000'],<br/>            'PROD-collectionsvc':['21300:21399'],<br/>            'PROD-desktopupgrade':['21004'],<br/>            'PROD-objlistmgr':['21100:21199'],<br/>            'PROD-objlistsvc':['21200:21299'],<br/>            'PROD-registration':['21001'],<br/>            'PROD-session':['21002'],<br/>            'PROD-task':['21003'],</P></P>
    </MiramoXML>